ts,leg,rss_kb,swap_kb,hwm_kb
1791381828,stock,178480,0,0
1791381828,node,98644,0,130532
1791381828,bun,60268,0,61968
1791381838,stock,178480,0,0
1791381838,node,98644,0,130532
1791381838,bun,60276,0,61968
1791381848,stock,178480,0,0
1791381848,node,98644,0,130532
1791381848,bun,60276,0,61968
1791381858,stock,178480,0,0
1791381858,node,98644,0,130532
1791381858,bun,60276,0,61968
1791381868,stock,178480,0,0
1791381868,node,98644,0,130532
1791381868,bun,60276,0,61968
1791381878,stock,178484,0,0
1791381878,node,98644,0,130532
1791381878,bun,60276,0,61968
1791381888,stock,178484,0,0
1791381888,node,98644,0,130532
1791381888,bun,60276,0,61968
1791381898,stock,178484,0,0
1791381898,node,98648,0,130532
1791381898,bun,60276,0,61968
1791381908,stock,178484,0,0
1791381908,node,98648,0,130532
1791381908,bun,60276,0,61968
1791381918,stock,178484,0,0
1791381918,node,98648,0,130532
1791381918,bun,60276,0,61968
1791381928,stock,178484,0,0
1791381928,node,98648,0,130532
1791381928,bun,60276,0,61968
1791381938,stock,178484,0,0
1791381938,node,98652,0,130532
1791381938,bun,60276,0,61968
1791381948,stock,178484,0,0
1791381948,node,98652,0,130532
1791381948,bun,60276,0,61968
1791381958,stock,178484,0,0
1791381958,node,98652,0,130532
1791381958,bun,60276,0,61968
1791381968,stock,178484,0,0
1791381968,node,98652,0,130532
1791381968,bun,60276,0,61968
1791381978,stock,178484,0,0
1791381978,node,98652,0,130532
1791381978,bun,60276,0,61968
1791381988,stock,178484,0,0
1791381988,node,98652,0,130532
1791381988,bun,60276,0,61968
1791381998,stock,178484,0,0
1791381998,node,98652,0,130532
1791381998,bun,60276,0,61968
1791382008,stock,178484,0,0
1791382008,node,98652,0,130532
1791382008,bun,60276,0,61968
1791382018,stock,178484,0,0
1791382018,node,98652,0,130532
1791382018,bun,60276,0,61968
1791382028,stock,178484,0,0
1791382028,node,98652,0,130532
1791382028,bun,60276,0,61968
1791382038,stock,178484,0,0
1791382038,node,98652,0,130532
1791382038,bun,60276,0,61968
1791382048,stock,178484,0,0
1791382048,node,98656,0,130532
1791382048,bun,60276,0,61968
1791382058,stock,178484,0,0
1791382058,node,98656,0,130532
1791382058,bun,60276,0,61968
1791382068,stock,178484,0,0
1791382068,node,98656,0,130532
1791382068,bun,60276,0,61968
1791382079,stock,178484,0,0
1791382079,node,98656,0,130532
1791382079,bun,60276,0,61968
1791382089,stock,178484,0,0
1791382089,node,98656,0,130532
1791382089,bun,60276,0,61968
1791382099,stock,178484,0,0
1791382099,node,98656,0,130532
1791382099,bun,60276,0,61968
1791382109,stock,178484,0,0
1791382109,node,98736,0,130532
1791382109,bun,60276,0,61968
1791382119,stock,178484,0,0
1791382119,node,98736,0,130532
1791382119,bun,60276,0,61968
1791382129,stock,178484,0,0
1791382129,node,98736,0,130532
1791382129,bun,60276,0,61968
1791382139,stock,178484,0,0
1791382139,node,98736,0,130532
1791382139,bun,60284,0,61968
1791382149,stock,178484,0,0
1791382149,node,98736,0,130532
1791382149,bun,60276,0,61968
1791382159,stock,178484,0,0
1791382159,node,98736,0,130532
1791382159,bun,60276,0,61968
1791382169,stock,178484,0,0
1791382169,node,98740,0,130532
1791382169,bun,60276,0,61968
1791382179,stock,178484,0,0
1791382179,node,98740,0,130532
1791382179,bun,60276,0,61968
1791382189,stock,178484,0,0
1791382189,node,98740,0,130532
1791382189,bun,60276,0,61968
1791382199,stock,178484,0,0
1791382199,node,98740,0,130532
1791382199,bun,60276,0,61968
1791382209,stock,178484,0,0
1791382209,node,98740,0,130532
1791382209,bun,60276,0,61968
1791382219,stock,178484,0,0
1791382219,node,98740,0,130532
1791382219,bun,60276,0,61968
1791382229,stock,178484,0,0
1791382229,node,98740,0,130532
1791382229,bun,60276,0,61968
1791382239,stock,178484,0,0
1791382239,node,98740,0,130532
1791382239,bun,60276,0,61968
1791382249,stock,178484,0,0
1791382249,node,98740,0,130532
1791382249,bun,60276,0,61968
1791382259,stock,178484,0,0
1791382259,node,98740,0,130532
1791382259,bun,60276,0,61968
1791382269,stock,178488,0,0
1791382269,node,98740,0,130532
1791382269,bun,60276,0,61968
1791382279,stock,178488,0,0
1791382279,node,98740,0,130532
1791382279,bun,60276,0,61968
1791382289,stock,178488,0,0
1791382289,node,98740,0,130532
1791382289,bun,60276,0,61968
1791382299,stock,178488,0,0
1791382299,node,98744,0,130532
1791382299,bun,60276,0,61968
1791382309,stock,178488,0,0
1791382309,node,98744,0,130532
1791382309,bun,60276,0,61968
1791382319,stock,178488,0,0
1791382319,node,98744,0,130532
1791382319,bun,60276,0,61968
1791382329,stock,178488,0,0
1791382329,node,98744,0,130532
1791382329,bun,60276,0,61968
1791382339,stock,178488,0,0
1791382339,node,98744,0,130532
1791382339,bun,60276,0,61968
1791382349,stock,178488,0,0
1791382349,node,98744,0,130532
1791382349,bun,60276,0,61968
1791382359,stock,178488,0,0
1791382359,node,98744,0,130532
1791382359,bun,60276,0,61968
1791382369,stock,178488,0,0
1791382369,node,98744,0,130532
1791382369,bun,60276,0,61968
1791382379,stock,178488,0,0
1791382379,node,98744,0,130532
1791382379,bun,60276,0,61968
1791382389,stock,178488,0,0
1791382389,node,98744,0,130532
1791382389,bun,60276,0,61968
1791382399,stock,178488,0,0
1791382399,node,98744,0,130532
1791382399,bun,60276,0,61968
1791382409,stock,178488,0,0
1791382409,node,98824,0,130532
1791382409,bun,60276,0,61968
1791382419,stock,178488,0,0
1791382419,node,98828,0,130532
1791382419,bun,60276,0,61968
1791382429,stock,178488,0,0
1791382429,node,98828,0,130532
1791382429,bun,60276,0,61968
1791382439,stock,178488,0,0
1791382439,node,98828,0,130532
1791382439,bun,60280,0,61968
1791382449,stock,178488,0,0
1791382449,node,98828,0,130532
1791382449,bun,60280,0,61968
1791382459,stock,178488,0,0
1791382459,node,98828,0,130532
1791382459,bun,60280,0,61968
1791382469,stock,178488,0,0
1791382469,node,98828,0,130532
1791382469,bun,60280,0,61968
1791382479,stock,178488,0,0
1791382479,node,98828,0,130532
1791382479,bun,60280,0,61968
1791382489,stock,178488,0,0
1791382489,node,98828,0,130532
1791382489,bun,60280,0,61968
1791382499,stock,178488,0,0
1791382499,node,98828,0,130532
1791382499,bun,60280,0,61968
1791382509,stock,178488,0,0
1791382509,node,98828,0,130532
1791382509,bun,60280,0,61968
1791382519,stock,178488,0,0
1791382519,node,98828,0,130532
1791382519,bun,60280,0,61968
1791382529,stock,178488,0,0
1791382529,node,98828,0,130532
1791382529,bun,60280,0,61968
1791382539,stock,178488,0,0
1791382539,node,98828,0,130532
1791382539,bun,60280,0,61968
1791382549,stock,178488,0,0
1791382549,node,98828,0,130532
1791382549,bun,60280,0,61968
1791382559,stock,178488,0,0
1791382559,node,98832,0,130532
1791382559,bun,60292,0,61968
1791382569,stock,178488,0,0
1791382569,node,98832,0,130532
1791382569,bun,60284,0,61968
1791382579,stock,178488,0,0
1791382579,node,98832,0,130532
1791382579,bun,60284,0,61968
1791382589,stock,178488,0,0
1791382589,node,98832,0,130532
1791382589,bun,60284,0,61968
1791382599,stock,178488,0,0
1791382599,node,98832,0,130532
1791382599,bun,60284,0,61968
1791382609,stock,178488,0,0
1791382609,node,98832,0,130532
1791382609,bun,60284,0,61968
1791382619,stock,178488,0,0
1791382619,node,98832,0,130532
1791382619,bun,60284,0,61968
1791382629,stock,178488,0,0
1791382629,node,98832,0,130532
1791382629,bun,60284,0,61968
1791382639,stock,178488,0,0
1791382639,node,98832,0,130532
1791382639,bun,60284,0,61968
1791382650,stock,178488,0,0
1791382650,node,98832,0,130532
1791382650,bun,60284,0,61968
1791382660,stock,178488,0,0
1791382660,node,98832,0,130532
1791382660,bun,60284,0,61968
1791382670,stock,178488,0,0
1791382670,node,98832,0,130532
1791382670,bun,60284,0,61968
1791382680,stock,178488,0,0
1791382680,node,98832,0,130532
1791382680,bun,60284,0,61968
1791382690,stock,178492,0,0
1791382690,node,98832,0,130532
1791382690,bun,60284,0,61968
1791382700,stock,178492,0,0
1791382700,node,98832,0,130532
1791382700,bun,60284,0,61968
1791382710,stock,178492,0,0
1791382710,node,98916,0,130532
1791382710,bun,60284,0,61968
1791382720,stock,178492,0,0
1791382720,node,98916,0,130532
1791382720,bun,60284,0,61968
1791382730,stock,178492,0,0
1791382730,node,98916,0,130532
1791382730,bun,60284,0,61968
1791382740,stock,178492,0,0
1791382740,node,98916,0,130532
1791382740,bun,60316,0,61968
1791382750,stock,178492,0,0
1791382750,node,98916,0,130532
1791382750,bun,60292,0,61968
1791382760,stock,178492,0,0
1791382760,node,98916,0,130532
1791382760,bun,60292,0,61968
1791382770,stock,178492,0,0
1791382770,node,98916,0,130532
1791382770,bun,60292,0,61968
1791382780,stock,178492,0,0
1791382780,node,98916,0,130532
1791382780,bun,60292,0,61968
1791382790,stock,178492,0,0
1791382790,node,98916,0,130532
1791382790,bun,60292,0,61968
1791382800,stock,178492,0,0
1791382800,node,98920,0,130532
1791382800,bun,60292,0,61968
1791382810,stock,178492,0,0
1791382810,node,98920,0,130532
1791382810,bun,60292,0,61968
1791382820,stock,178492,0,0
1791382820,node,98920,0,130532
1791382820,bun,60292,0,61968
1791382830,stock,178492,0,0
1791382830,node,98920,0,130532
1791382830,bun,60292,0,61968
1791382840,stock,178492,0,0
1791382840,node,98920,0,130532
1791382840,bun,60292,0,61968
1791382850,stock,178492,0,0
1791382850,node,98920,0,130532
1791382850,bun,60292,0,61968
1791382860,stock,178492,0,0
1791382860,node,98920,0,130532
1791382860,bun,60292,0,61968
1791382870,stock,178492,0,0
1791382870,node,98920,0,130532
1791382870,bun,60292,0,61968
1791382880,stock,178492,0,0
1791382880,node,98920,0,130532
1791382880,bun,60292,0,61968
1791382890,stock,178492,0,0
1791382890,node,98920,0,130532
1791382890,bun,60292,0,61968
1791382900,stock,178492,0,0
1791382900,node,98920,0,130532
1791382900,bun,60292,0,61968
1791382910,stock,178492,0,0
1791382910,node,98920,0,130532
1791382910,bun,60292,0,61968
1791382920,stock,178492,0,0
1791382920,node,98920,0,130532
1791382920,bun,60292,0,61968
1791382930,stock,178492,0,0
1791382930,node,98920,0,130532
1791382930,bun,60292,0,61968
1791382940,stock,178492,0,0
1791382940,node,98920,0,130532
1791382940,bun,60292,0,61968
1791382950,stock,178492,0,0
1791382950,node,98920,0,130532
1791382950,bun,60292,0,61968
1791382960,stock,178492,0,0
1791382960,node,98924,0,130532
1791382960,bun,60292,0,61968
1791382970,stock,178492,0,0
1791382970,node,98924,0,130532
1791382970,bun,60292,0,61968
1791382980,stock,178492,0,0
1791382980,node,98924,0,130532
1791382980,bun,60292,0,61968
1791382990,stock,178492,0,0
1791382990,node,98924,0,130532
1791382990,bun,60292,0,61968
1791383000,stock,178492,0,0
1791383000,node,98924,0,130532
1791383000,bun,60292,0,61968
1791383010,stock,178492,0,0
1791383010,node,99256,0,130532
1791383010,bun,60292,0,61968
1791383020,stock,178492,0,0
1791383020,node,99256,0,130532
1791383020,bun,60292,0,61968
1791383030,stock,178492,0,0
1791383030,node,99256,0,130532
1791383030,bun,60292,0,61968
1791383040,stock,178492,0,0
1791383040,node,99256,0,130532
1791383040,bun,60292,0,61968
1791383050,stock,178492,0,0
1791383050,node,99256,0,130532
1791383050,bun,60292,0,61968
1791383060,stock,178492,0,0
1791383060,node,99256,0,130532
1791383060,bun,60292,0,61968
1791383070,stock,178492,0,0
1791383070,node,99256,0,130532
1791383070,bun,60292,0,61968
1791383080,stock,178496,0,0
1791383080,node,99256,0,130532
1791383080,bun,60292,0,61968
1791383090,stock,178496,0,0
1791383090,node,99256,0,130532
1791383090,bun,60292,0,61968
1791383100,stock,178496,0,0
1791383100,node,99256,0,130532
1791383100,bun,60292,0,61968
1791383110,stock,178496,0,0
1791383110,node,99256,0,130532
1791383110,bun,60292,0,61968
1791383120,stock,178496,0,0
1791383120,node,99256,0,130532
1791383120,bun,60292,0,61968
1791383130,stock,178496,0,0
1791383130,node,99256,0,130532
1791383130,bun,60292,0,61968
1791383140,stock,178496,0,0
1791383140,node,99256,0,130532
1791383140,bun,60292,0,61968
1791383150,stock,178496,0,0
1791383150,node,99256,0,130532
1791383150,bun,60292,0,61968
1791383160,stock,178496,0,0
1791383160,node,99256,0,130532
1791383160,bun,60292,0,61968
1791383170,stock,178496,0,0
1791383170,node,99256,0,130532
1791383170,bun,60292,0,61968
1791383180,stock,178496,0,0
1791383180,node,99256,0,130532
1791383180,bun,60292,0,61968
1791383190,stock,178496,0,0
1791383190,node,99256,0,130532
1791383190,bun,60292,0,61968
1791383200,stock,178496,0,0
1791383200,node,99256,0,130532
1791383200,bun,60292,0,61968
1791383210,stock,178496,0,0
1791383210,node,99256,0,130532
1791383210,bun,60292,0,61968
1791383220,stock,178496,0,0
1791383220,node,99256,0,130532
1791383220,bun,60292,0,61968
1791383231,stock,178496,0,0
1791383231,node,99256,0,130532
1791383231,bun,60292,0,61968
1791383241,stock,178496,0,0
1791383241,node,99256,0,130532
1791383241,bun,60292,0,61968
1791383251,stock,178496,0,0
1791383251,node,99256,0,130532
1791383251,bun,60292,0,61968
1791383261,stock,178496,0,0
1791383261,node,99256,0,130532
1791383261,bun,60292,0,61968
1791383271,stock,178496,0,0
1791383271,node,99256,0,130532
1791383271,bun,60292,0,61968
1791383281,stock,178496,0,0
1791383281,node,99256,0,130532
1791383281,bun,60292,0,61968
1791383291,stock,178496,0,0
1791383291,node,99256,0,130532
1791383291,bun,60292,0,61968
1791383301,stock,178496,0,0
1791383301,node,99256,0,130532
1791383301,bun,60292,0,61968
1791383311,stock,178496,0,0
1791383311,node,99276,0,130532
1791383311,bun,60292,0,61968
1791383321,stock,178496,0,0
1791383321,node,99276,0,130532
1791383321,bun,60292,0,61968
1791383331,stock,178496,0,0
1791383331,node,99276,0,130532
1791383331,bun,60292,0,61968
1791383341,stock,178496,0,0
1791383341,node,99276,0,130532
1791383341,bun,60292,0,61968
1791383351,stock,178496,0,0
1791383351,node,99276,0,130532
1791383351,bun,60292,0,61968
1791383361,stock,178496,0,0
1791383361,node,99276,0,130532
1791383361,bun,60292,0,61968
1791383371,stock,178496,0,0
1791383371,node,99276,0,130532
1791383371,bun,60292,0,61968
1791383381,stock,178496,0,0
1791383381,node,99276,0,130532
1791383381,bun,60292,0,61968
1791383391,stock,178496,0,0
1791383391,node,99276,0,130532
1791383391,bun,60292,0,61968
1791383401,stock,178496,0,0
1791383401,node,99276,0,130532
1791383401,bun,60292,0,61968
1791383411,stock,178496,0,0
1791383411,node,99276,0,130532
1791383411,bun,60292,0,61968
1791383421,stock,178496,0,0
1791383421,node,99276,0,130532
1791383421,bun,60292,0,61968
1791383431,stock,178496,0,0
1791383431,node,99276,0,130532
1791383431,bun,60292,0,61968
1791383441,stock,178496,0,0
1791383441,node,99276,0,130532
1791383441,bun,60292,0,61968
1791383451,stock,178496,0,0
1791383451,node,99276,0,130532
1791383451,bun,60292,0,61968
1791383461,stock,178496,0,0
1791383461,node,99276,0,130532
1791383461,bun,60292,0,61968
1791383471,stock,178496,0,0
1791383471,node,99276,0,130532
1791383471,bun,60292,0,61968
1791383481,stock,178496,0,0
1791383481,node,99276,0,130532
1791383481,bun,60292,0,61968
1791383491,stock,178496,0,0
1791383491,node,99276,0,130532
1791383491,bun,60292,0,61968
1791383501,stock,178500,0,0
1791383501,node,99276,0,130532
1791383501,bun,60292,0,61968
1791383511,stock,178500,0,0
1791383511,node,99276,0,130532
1791383511,bun,60292,0,61968
1791383521,stock,178500,0,0
1791383521,node,99276,0,130532
1791383521,bun,60292,0,61968
1791383531,stock,178500,0,0
1791383531,node,99276,0,130532
1791383531,bun,60292,0,61968
1791383541,stock,178500,0,0
1791383541,node,99276,0,130532
1791383541,bun,60292,0,61968
1791383551,stock,178500,0,0
1791383551,node,99276,0,130532
1791383551,bun,60292,0,61968
1791383561,stock,178500,0,0
1791383561,node,99276,0,130532
1791383561,bun,60292,0,61968
1791383571,stock,178500,0,0
1791383571,node,99276,0,130532
1791383571,bun,60292,0,61968
1791383581,stock,178500,0,0
1791383581,node,99276,0,130532
1791383581,bun,60292,0,61968
1791383591,stock,178500,0,0
1791383591,node,99276,0,130532
1791383591,bun,60292,0,61968
1791383601,stock,178500,0,0
1791383601,node,99276,0,130532
1791383601,bun,60292,0,61968
1791383611,stock,178500,0,0
1791383611,node,99296,0,130532
1791383611,bun,60292,0,61968
1791383621,stock,178500,0,0
1791383621,node,99296,0,130532
1791383621,bun,60292,0,61968
1791383631,stock,178500,0,0
1791383631,node,99296,0,130532
1791383631,bun,60292,0,61968
1791383641,stock,178500,0,0
1791383641,node,99296,0,130532
1791383641,bun,60352,0,61968
1791383651,stock,178500,0,0
1791383651,node,99296,0,130532
1791383651,bun,60296,0,61968
1791383661,stock,178500,0,0
1791383661,node,99296,0,130532
1791383661,bun,60296,0,61968
1791383671,stock,178500,0,0
1791383671,node,99296,0,130532
1791383671,bun,60296,0,61968
1791383681,stock,178500,0,0
1791383681,node,99296,0,130532
1791383681,bun,60296,0,61968
1791383691,stock,178500,0,0
1791383691,node,99296,0,130532
1791383691,bun,60296,0,61968
1791383701,stock,178500,0,0
1791383701,node,99296,0,130532
1791383701,bun,60296,0,61968
1791383711,stock,178500,0,0
1791383711,node,99296,0,130532
1791383711,bun,60296,0,61968
1791383721,stock,178500,0,0
1791383721,node,99296,0,130532
1791383721,bun,60296,0,61968
1791383731,stock,178500,0,0
1791383731,node,99296,0,130532
1791383731,bun,60296,0,61968
1791383741,stock,178500,0,0
1791383741,node,99296,0,130532
1791383741,bun,60296,0,61968
1791383751,stock,178500,0,0
1791383751,node,99296,0,130532
1791383751,bun,60296,0,61968
1791383761,stock,178500,0,0
1791383761,node,99296,0,130532
1791383761,bun,60296,0,61968
1791383771,stock,178500,0,0
1791383771,node,99296,0,130532
1791383771,bun,60296,0,61968
1791383781,stock,178500,0,0
1791383781,node,99296,0,130532
1791383781,bun,60296,0,61968
1791383792,stock,178500,0,0
1791383792,node,99296,0,130532
1791383792,bun,60296,0,61968
1791383802,stock,178500,0,0
1791383802,node,99296,0,130532
1791383802,bun,60296,0,61968
1791383812,stock,178500,0,0
1791383812,node,99296,0,130532
1791383812,bun,60296,0,61968
1791383822,stock,178500,0,0
1791383822,node,99296,0,130532
1791383822,bun,60296,0,61968
1791383832,stock,178500,0,0
1791383832,node,99296,0,130532
1791383832,bun,60296,0,61968
1791383842,stock,178500,0,0
1791383842,node,99296,0,130532
1791383842,bun,60296,0,61968
1791383852,stock,178500,0,0
1791383852,node,99296,0,130532
1791383852,bun,60296,0,61968
1791383862,stock,178500,0,0
1791383862,node,99296,0,130532
1791383862,bun,60296,0,61968
1791383872,stock,178500,0,0
1791383872,node,99296,0,130532
1791383872,bun,60296,0,61968
1791383882,stock,178500,0,0
1791383882,node,99296,0,130532
1791383882,bun,60296,0,61968
1791383892,stock,178504,0,0
1791383892,node,99296,0,130532
1791383892,bun,60296,0,61968
1791383902,stock,178504,0,0
1791383902,node,99420,0,130532
1791383902,bun,60296,0,61968
1791383912,stock,178504,0,0
1791383912,node,99420,0,130532
1791383912,bun,60296,0,61968
1791383922,stock,178504,0,0
1791383922,node,99420,0,130532
1791383922,bun,60296,0,61968
DONE
