ts,leg,pid,rss_kb,swap_kb,hwm_kb
1791359588,stock,2636207,58304,0,60272
1791359588,stock,2636249,130288,0,153908
1791359588,fork,2636777,6320,0,6320
1791359588,fork,2636778,121548,0,141644
1791359598,stock,2636207,58304,0,60272
1791359598,stock,2636249,130904,0,153908
1791359598,fork,2636777,6320,0,6320
1791359598,fork,2636778,121848,0,141644
1791359608,stock,2636207,58304,0,60272
1791359608,stock,2636249,131000,0,153908
1791359608,fork,2636777,6320,0,6320
1791359608,fork,2636778,125440,0,141644
1791359618,stock,2636207,58304,0,60272
1791359618,stock,2636249,131508,0,153908
1791359618,fork,2636777,6320,0,6320
1791359618,fork,2636778,125736,0,141644
1791359628,stock,2636207,58304,0,60272
1791359628,stock,2636249,131880,0,153908
1791359628,fork,2636777,6320,0,6320
1791359628,fork,2636778,126432,0,141644
1791359638,stock,2636207,58304,0,60272
1791359638,stock,2636249,132512,0,153908
1791359638,fork,2636777,6320,0,6320
1791359638,fork,2636778,126264,0,141644
1791359648,stock,2636207,58304,0,60272
1791359648,stock,2636249,133160,0,153908
1791359648,fork,2636777,6320,0,6320
1791359648,fork,2636778,126688,0,141644
1791359658,stock,2636207,58304,0,60272
1791359658,stock,2636249,133916,0,153908
1791359658,fork,2636777,6320,0,6320
1791359658,fork,2636778,127668,0,141644
1791359668,stock,2636207,58304,0,60272
1791359668,stock,2636249,134392,0,153908
1791359668,fork,2636777,6320,0,6320
1791359668,fork,2636778,128084,0,141644
1791359678,stock,2636207,58304,0,60272
1791359678,stock,2636249,134512,0,153908
1791359678,fork,2636777,6320,0,6320
1791359678,fork,2636778,127708,0,141644
1791359688,stock,2636207,58304,0,60272
1791359688,stock,2636249,135396,0,153908
1791359688,fork,2636777,6320,0,6320
1791359688,fork,2636778,128088,0,141644
1791359698,stock,2636207,58304,0,60272
1791359698,stock,2636249,135404,0,153908
1791359698,fork,2636777,6320,0,6320
1791359698,fork,2636778,127712,0,141644
1791359708,stock,2636207,58304,0,60272
1791359708,stock,2636249,135472,0,153908
1791359708,fork,2636777,6320,0,6320
1791359708,fork,2636778,128088,0,141644
1791359718,stock,2636207,58304,0,60272
1791359718,stock,2636249,136472,0,153908
1791359718,fork,2636777,6320,0,6320
1791359718,fork,2636778,127716,0,141644
1791359728,stock,2636207,58304,0,60272
1791359728,stock,2636249,136504,0,153908
1791359728,fork,2636777,6320,0,6320
1791359728,fork,2636778,128092,0,141644
1791359738,stock,2636207,58304,0,60272
1791359738,stock,2636249,136604,0,153908
1791359738,fork,2636777,6320,0,6320
1791359738,fork,2636778,127732,0,141644
1791359748,stock,2636207,58304,0,60272
1791359748,stock,2636249,136608,0,153908
1791359748,fork,2636777,6320,0,6320
1791359748,fork,2636778,127784,0,141644
1791359758,stock,2636207,58304,0,60272
1791359758,stock,2636249,136652,0,153908
1791359758,fork,2636777,6320,0,6320
1791359758,fork,2636778,128624,0,141644
1791359768,stock,2636207,58304,0,60272
1791359768,stock,2636249,136676,0,153908
1791359768,fork,2636777,6320,0,6320
1791359768,fork,2636778,128628,0,141644
1791359778,stock,2636207,58304,0,60272
1791359778,stock,2636249,137056,0,153908
1791359778,fork,2636777,6320,0,6320
1791359778,fork,2636778,128516,0,141644
1791359789,stock,2636207,58304,0,60272
1791359789,stock,2636249,136680,0,153908
1791359789,fork,2636777,6320,0,6320
1791359789,fork,2636778,128636,0,141644
1791359799,stock,2636207,58304,0,60272
1791359799,stock,2636249,136680,0,153908
1791359799,fork,2636777,6320,0,6320
1791359799,fork,2636778,129636,0,141644
1791359809,stock,2636207,58304,0,60272
1791359809,stock,2636249,136688,0,153908
1791359809,fork,2636777,6320,0,6320
1791359809,fork,2636778,130012,0,141644
1791359819,stock,2636207,58304,0,60272
1791359819,stock,2636249,136692,0,153908
1791359819,fork,2636777,6320,0,6320
1791359819,fork,2636778,130020,0,141644
1791359829,stock,2636207,58304,0,60272
1791359829,stock,2636249,136704,0,153908
1791359829,fork,2636777,6320,0,6320
1791359829,fork,2636778,129804,0,141644
1791359839,stock,2636207,58304,0,60272
1791359839,stock,2636249,136704,0,153908
1791359839,fork,2636777,6320,0,6320
1791359839,fork,2636778,129652,0,141644
1791359849,stock,2636207,58304,0,60272
1791359849,stock,2636249,137224,0,153908
1791359849,fork,2636777,6320,0,6320
1791359849,fork,2636778,129656,0,141644
1791359859,stock,2636207,58304,0,60272
1791359859,stock,2636249,137228,0,153908
1791359859,fork,2636777,6320,0,6320
1791359859,fork,2636778,130036,0,141644
1791359869,stock,2636207,58304,0,60272
1791359869,stock,2636249,138056,0,153908
1791359869,fork,2636777,6320,0,6320
1791359869,fork,2636778,129672,0,141644
1791359879,stock,2636207,58304,0,60272
1791359879,stock,2636249,137816,0,153908
1791359879,fork,2636777,6320,0,6320
1791359879,fork,2636778,130048,0,141644
1791359889,stock,2636207,58304,0,60272
1791359889,stock,2636249,137824,0,153908
1791359889,fork,2636777,6320,0,6320
1791359889,fork,2636778,129744,0,141644
1791359899,stock,2636207,58304,0,60272
1791359899,stock,2636249,137824,0,153908
1791359899,fork,2636777,6320,0,6320
1791359899,fork,2636778,130124,0,141644
1791359909,stock,2636207,58304,0,60272
1791359909,stock,2636249,147300,0,153908
1791359909,fork,2636777,6320,0,6320
1791359909,fork,2636778,130312,0,141644
1791359919,stock,2636207,58304,0,60272
1791359919,stock,2636249,147308,0,153908
1791359919,fork,2636777,6320,0,6320
1791359919,fork,2636778,139408,0,141644
1791359929,stock,2636207,58304,0,60272
1791359929,stock,2636249,147316,0,153908
1791359929,fork,2636777,6320,0,6320
1791359929,fork,2636778,139040,0,141644
1791359939,stock,2636207,58304,0,60272
1791359939,stock,2636249,147324,0,153908
1791359939,fork,2636777,6320,0,6320
1791359939,fork,2636778,139432,0,141644
1791359949,stock,2636207,58304,0,60272
1791359949,stock,2636249,147324,0,153908
1791359949,fork,2636777,6320,0,6320
1791359949,fork,2636778,139056,0,141644
1791359959,stock,2636207,58304,0,60272
1791359959,stock,2636249,147324,0,153908
1791359959,fork,2636777,6320,0,6320
1791359959,fork,2636778,139432,0,141644
1791359969,stock,2636207,58304,0,60272
1791359969,stock,2636249,147332,0,153908
1791359969,fork,2636777,6320,0,6320
1791359969,fork,2636778,139068,0,141644
1791359979,stock,2636207,58304,0,60272
1791359979,stock,2636249,147336,0,153908
1791359979,fork,2636777,6320,0,6320
1791359979,fork,2636778,139448,0,141644
1791359989,stock,2636207,58304,0,60272
1791359989,stock,2636249,147352,0,153908
1791359989,fork,2636777,6320,0,6320
1791359989,fork,2636778,139080,0,141644
1791359999,stock,2636207,58304,0,60272
1791359999,stock,2636249,147356,0,153908
1791359999,fork,2636777,6320,0,6320
1791359999,fork,2636778,139080,0,141644
1791360009,stock,2636207,58304,0,60272
1791360009,stock,2636249,147356,0,153908
1791360009,fork,2636777,6320,0,6320
1791360009,fork,2636778,139240,0,141644
1791360019,stock,2636207,58304,0,60272
1791360019,stock,2636249,147360,0,153908
1791360019,fork,2636777,6320,0,6320
1791360019,fork,2636778,139616,0,141644
1791360030,stock,2636207,58304,0,60272
1791360030,stock,2636249,147360,0,153908
1791360030,fork,2636777,6320,0,6320
1791360030,fork,2636778,139240,0,141644
1791360040,stock,2636207,58304,0,60272
1791360040,stock,2636249,147360,0,153908
1791360040,fork,2636777,6320,0,6320
1791360040,fork,2636778,139092,0,141644
1791360050,stock,2636207,58304,0,60272
1791360050,stock,2636249,147360,0,153908
1791360050,fork,2636777,6320,0,6320
1791360050,fork,2636778,139092,0,141644
1791360060,stock,2636207,58304,0,60272
1791360060,stock,2636249,147364,0,153908
1791360060,fork,2636777,6320,0,6320
1791360060,fork,2636778,139468,0,141644
1791360070,stock,2636207,58304,0,60272
1791360070,stock,2636249,147364,0,153908
1791360070,fork,2636777,6320,0,6320
1791360070,fork,2636778,139096,0,141644
1791360080,stock,2636207,58304,0,60272
1791360080,stock,2636249,147364,0,153908
1791360080,fork,2636777,6320,0,6320
1791360080,fork,2636778,139472,0,141644
1791360090,stock,2636207,58304,0,60272
1791360090,stock,2636249,147364,0,153908
1791360090,fork,2636777,6320,0,6320
1791360090,fork,2636778,139100,0,141644
1791360100,stock,2636207,58304,0,60272
1791360100,stock,2636249,147364,0,153908
1791360100,fork,2636777,6320,0,6320
1791360100,fork,2636778,139480,0,141644
1791360110,stock,2636207,58304,0,60272
1791360110,stock,2636249,147364,0,153908
1791360110,fork,2636777,6320,0,6320
1791360110,fork,2636778,139108,0,141644
1791360120,stock,2636207,58304,0,60272
1791360120,stock,2636249,138920,0,153908
1791360120,fork,2636777,6320,0,6320
1791360120,fork,2636778,139108,0,141644
1791360130,stock,2636207,58304,0,60272
1791360130,stock,2636249,139004,0,153908
1791360130,fork,2636777,6320,0,6320
1791360130,fork,2636778,139280,0,141644
1791360140,stock,2636207,58304,0,60272
1791360140,stock,2636249,141404,0,153908
1791360140,fork,2636777,6320,0,6320
1791360140,fork,2636778,139280,0,141644
1791360150,stock,2636207,58304,0,60272
1791360150,stock,2636249,142076,0,153908
1791360150,fork,2636777,6320,0,6320
1791360150,fork,2636778,139436,0,141644
1791360160,stock,2636207,58304,0,60272
1791360160,stock,2636249,142408,0,153908
1791360160,fork,2636777,6320,0,6320
1791360160,fork,2636778,139816,0,141644
1791360170,stock,2636207,58304,0,60272
1791360170,stock,2636249,142864,0,153908
1791360170,fork,2636777,6320,0,6320
1791360170,fork,2636778,139144,0,141644
1791360180,stock,2636207,58304,0,60272
1791360180,stock,2636249,131212,0,153908
1791360180,fork,2636777,6320,0,6320
1791360180,fork,2636778,139520,0,141644
1791360190,stock,2636207,58304,0,60272
1791360190,stock,2636249,131256,0,153908
1791360190,fork,2636777,6320,0,6320
1791360190,fork,2636778,139148,0,141644
1791360200,stock,2636207,58304,0,60272
1791360200,stock,2636249,132140,0,153908
1791360200,fork,2636777,6320,0,6320
1791360200,fork,2636778,139524,0,141644
1791360210,stock,2636207,58304,0,60272
1791360210,stock,2636249,132244,0,153908
1791360210,fork,2636777,6320,0,6320
1791360210,fork,2636778,139540,0,141644
1791360220,stock,2636207,58304,0,60272
1791360220,stock,2636249,133084,0,153908
1791360220,fork,2636777,6320,0,6320
1791360220,fork,2636778,139540,0,141644
1791360230,stock,2636207,58304,0,60272
1791360230,stock,2636249,133572,0,153908
1791360230,fork,2636777,6320,0,6320
1791360230,fork,2636778,139548,0,141644
1791360240,stock,2636207,58304,0,60272
1791360240,stock,2636249,134452,0,153908
1791360240,fork,2636777,6320,0,6320
1791360240,fork,2636778,139176,0,141644
1791360250,stock,2636207,58304,0,60272
1791360250,stock,2636249,133324,0,153908
1791360250,fork,2636777,6320,0,6320
1791360250,fork,2636778,139560,0,141644
1791360261,stock,2636207,58304,0,60272
1791360261,stock,2636249,134560,0,153908
1791360261,fork,2636777,6320,0,6320
1791360261,fork,2636778,139184,0,141644
1791360271,stock,2636207,58304,0,60272
1791360271,stock,2636249,134600,0,153908
1791360271,fork,2636777,6320,0,6320
1791360271,fork,2636778,148280,0,148280
1791360281,stock,2636207,58304,0,60272
1791360281,stock,2636249,135468,0,153908
1791360281,fork,2636777,6320,0,6320
1791360281,fork,2636778,147908,0,148012
1791360291,stock,2636207,58304,0,60272
1791360291,stock,2636249,135468,0,153908
1791360291,fork,2636777,6320,0,6320
1791360291,fork,2636778,148288,0,148288
1791360301,stock,2636207,58304,0,60272
1791360301,stock,2636249,135468,0,153908
1791360301,fork,2636777,6320,0,6320
1791360301,fork,2636778,148264,0,148264
1791360311,stock,2636207,58304,0,60272
1791360311,stock,2636249,135468,0,153908
1791360311,fork,2636777,6320,0,6320
1791360311,fork,2636778,148640,0,148640
1791360321,stock,2636207,58304,0,60272
1791360321,stock,2636249,135844,0,153908
1791360321,fork,2636777,6320,0,6320
1791360321,fork,2636778,148272,0,148412
1791360331,stock,2636207,58304,0,60272
1791360331,stock,2636249,135468,0,153908
1791360331,fork,2636777,6320,0,6320
1791360331,fork,2636778,148648,0,148648
1791360341,stock,2636207,58304,0,60272
1791360341,stock,2636249,135468,0,153908
1791360341,fork,2636777,6320,0,6320
1791360341,fork,2636778,148272,0,148464
1791360351,stock,2636207,58304,0,60272
1791360351,stock,2636249,135472,0,153908
1791360351,fork,2636777,6320,0,6320
1791360351,fork,2636778,148648,0,148648
1791360361,stock,2636207,58304,0,60272
1791360361,stock,2636249,135472,0,153908
1791360361,fork,2636777,6320,0,6320
1791360361,fork,2636778,148272,0,148516
1791360371,stock,2636207,58304,0,60272
1791360371,stock,2636249,135472,0,153908
1791360371,fork,2636777,6320,0,6320
1791360371,fork,2636778,148648,0,148648
1791360381,stock,2636207,58304,0,60272
1791360381,stock,2636249,135848,0,153908
1791360381,fork,2636777,6320,0,6320
1791360381,fork,2636778,137044,0,148516
1791360391,stock,2636207,58304,0,60272
1791360391,stock,2636249,136032,0,153908
1791360391,fork,2636777,6320,0,6320
1791360391,fork,2636778,137048,0,148516
1791360401,stock,2636207,58304,0,60272
1791360401,stock,2636249,136032,0,153908
1791360401,fork,2636777,6320,0,6320
1791360401,fork,2636778,137204,0,148516
1791360411,stock,2636207,58304,0,60272
1791360411,stock,2636249,137340,0,153908
1791360411,fork,2636777,6320,0,6320
1791360411,fork,2636778,137580,0,148516
1791360421,stock,2636207,58304,0,60272
1791360421,stock,2636249,137340,0,153908
1791360421,fork,2636777,6320,0,6320
1791360421,fork,2636778,137204,0,148516
1791360431,stock,2636207,58304,0,60272
1791360431,stock,2636249,137340,0,153908
1791360431,fork,2636777,6320,0,6320
1791360431,fork,2636778,137580,0,148516
1791360441,stock,2636207,58304,0,60272
1791360441,stock,2636249,137340,0,153908
1791360441,fork,2636777,6320,0,6320
1791360441,fork,2636778,137120,0,148516
1791360451,stock,2636207,58304,0,60272
1791360451,stock,2636249,137724,0,153908
1791360451,fork,2636777,6320,0,6320
1791360451,fork,2636778,137276,0,148516
1791360461,stock,2636207,58304,0,60272
1791360461,stock,2636249,137348,0,153908
1791360461,fork,2636777,6320,0,6320
1791360461,fork,2636778,137908,0,148516
1791360471,stock,2636207,58304,0,60272
1791360471,stock,2636249,137356,0,153908
1791360471,fork,2636777,6320,0,6320
1791360471,fork,2636778,137532,0,148516
1791360481,stock,2636207,58304,0,60272
1791360481,stock,2636249,137356,0,153908
1791360481,fork,2636777,6320,0,6320
1791360481,fork,2636778,138024,0,148516
1791360492,stock,2636207,58304,0,60272
1791360492,stock,2636249,137356,0,153908
1791360492,fork,2636777,6320,0,6320
1791360492,fork,2636778,137648,0,148516
1791360502,stock,2636207,58304,0,60272
1791360502,stock,2636249,137712,0,153908
1791360502,fork,2636777,6320,0,6320
1791360502,fork,2636778,138572,0,148516
1791360512,stock,2636207,58304,0,60272
1791360512,stock,2636249,137712,0,153908
1791360512,fork,2636777,6320,0,6320
1791360512,fork,2636778,138748,0,148516
1791360522,stock,2636207,58304,0,60272
1791360522,stock,2636249,137716,0,153908
1791360522,fork,2636777,6320,0,6320
1791360522,fork,2636778,138748,0,148516
1791360532,stock,2636207,58304,0,60272
1791360532,stock,2636249,137716,0,153908
1791360532,fork,2636777,6320,0,6320
1791360532,fork,2636778,138908,0,148516
1791360542,stock,2636207,58304,0,60272
1791360542,stock,2636249,137720,0,153908
1791360542,fork,2636777,6320,0,6320
1791360542,fork,2636778,138908,0,148516
1791360552,stock,2636207,58304,0,60272
1791360552,stock,2636249,137724,0,153908
1791360552,fork,2636777,6320,0,6320
1791360552,fork,2636778,138908,0,148516
1791360562,stock,2636207,58304,0,60272
1791360562,stock,2636249,137732,0,153908
1791360562,fork,2636777,6320,0,6320
1791360562,fork,2636778,139284,0,148516
1791360572,stock,2636207,58304,0,60272
1791360572,stock,2636249,137736,0,153908
1791360572,fork,2636777,6320,0,6320
1791360572,fork,2636778,138504,0,148516
1791360582,stock,2636207,58304,0,60272
1791360582,stock,2636249,137812,0,153908
1791360582,fork,2636777,6320,0,6320
1791360582,fork,2636778,138880,0,148516
1791360592,stock,2636207,58304,0,60272
1791360592,stock,2636249,136092,0,153908
1791360592,fork,2636777,6320,0,6320
1791360592,fork,2636778,138508,0,148516
1791360602,stock,2636207,58304,0,60272
1791360602,stock,2636249,136096,0,153908
1791360602,fork,2636777,6320,0,6320
1791360602,fork,2636778,138884,0,148516
1791360612,stock,2636207,58304,0,60272
1791360612,stock,2636249,136108,0,153908
1791360612,fork,2636777,6320,0,6320
1791360612,fork,2636778,148544,0,148544
1791360622,stock,2636207,58304,0,60272
1791360622,stock,2636249,136108,0,153908
1791360622,fork,2636777,6320,0,6320
1791360622,fork,2636778,148920,0,148920
1791360632,stock,2636207,58304,0,60272
1791360632,stock,2636249,136108,0,153908
1791360632,fork,2636777,6320,0,6320
1791360632,fork,2636778,137428,0,148660
1791360642,stock,2636207,58304,0,60272
1791360642,stock,2636249,136768,0,153908
1791360642,fork,2636777,6320,0,6320
1791360642,fork,2636778,137804,0,148660
1791360652,stock,2636207,58304,0,60272
1791360652,stock,2636249,136768,0,153908
1791360652,fork,2636777,6320,0,6320
1791360652,fork,2636778,137428,0,148660
1791360662,stock,2636207,58304,0,60272
1791360662,stock,2636249,136928,0,153908
1791360662,fork,2636777,6320,0,6320
1791360662,fork,2636778,137428,0,148660
1791360672,stock,2636207,58304,0,60272
1791360672,stock,2636249,136932,0,153908
1791360672,fork,2636777,6320,0,6320
1791360672,fork,2636778,137960,0,148660
1791360682,stock,2636207,58304,0,60272
1791360682,stock,2636249,136944,0,153908
1791360682,fork,2636777,6320,0,6320
1791360682,fork,2636778,137776,0,148660
1791360692,stock,2636207,58304,0,60272
1791360692,stock,2636249,136984,0,153908
1791360692,fork,2636777,6320,0,6320
1791360692,fork,2636778,138352,0,148660
1791360702,stock,2636207,58304,0,60272
1791360702,stock,2636249,137368,0,153908
1791360702,fork,2636777,6320,0,6320
1791360702,fork,2636778,137824,0,148660
1791360712,stock,2636207,58304,0,60272
1791360712,stock,2636249,136992,0,153908
1791360712,fork,2636777,6320,0,6320
1791360712,fork,2636778,138200,0,148660
1791360722,stock,2636207,58304,0,60272
1791360722,stock,2636249,136996,0,153908
1791360722,fork,2636777,6320,0,6320
1791360722,fork,2636778,133552,0,148660
1791360733,stock,2636207,58304,0,60272
1791360733,stock,2636249,138392,0,153908
1791360733,fork,2636777,6320,0,6320
1791360733,fork,2636778,134148,0,148660
1791360743,stock,2636207,58304,0,60272
1791360743,stock,2636249,138940,0,153908
1791360743,fork,2636777,6320,0,6320
1791360743,fork,2636778,134444,0,148660
1791360753,stock,2636207,58304,0,60272
1791360753,stock,2636249,139360,0,153908
1791360753,fork,2636777,6320,0,6320
1791360753,fork,2636778,135120,0,148660
1791360763,stock,2636207,58304,0,60272
1791360763,stock,2636249,139364,0,153908
1791360763,fork,2636777,6320,0,6320
1791360763,fork,2636778,135268,0,148660
1791360773,stock,2636207,58304,0,60272
1791360773,stock,2636249,139364,0,153908
1791360773,fork,2636777,6320,0,6320
1791360773,fork,2636778,136048,0,148660
1791360783,stock,2636207,58304,0,60272
1791360783,stock,2636249,139384,0,153908
1791360783,fork,2636777,6320,0,6320
1791360783,fork,2636778,135768,0,148660
1791360793,stock,2636207,58304,0,60272
1791360793,stock,2636249,139384,0,153908
1791360793,fork,2636777,6320,0,6320
1791360793,fork,2636778,136172,0,148660
1791360803,stock,2636207,58304,0,60272
1791360803,stock,2636249,139392,0,153908
1791360803,fork,2636777,6320,0,6320
1791360803,fork,2636778,137108,0,148660
1791360813,stock,2636207,58304,0,60272
1791360813,stock,2636249,139492,0,153908
1791360813,fork,2636777,6320,0,6320
1791360813,fork,2636778,137844,0,148660
1791360823,stock,2636207,58304,0,60272
1791360823,stock,2636249,139496,0,153908
1791360823,fork,2636777,6320,0,6320
1791360823,fork,2636778,137964,0,148660
1791360833,stock,2636207,58304,0,60272
1791360833,stock,2636249,140264,0,153908
1791360833,fork,2636777,6320,0,6320
1791360833,fork,2636778,138340,0,148660
1791360843,stock,2636207,58304,0,60272
1791360843,stock,2636249,140264,0,153908
1791360843,fork,2636777,6320,0,6320
1791360843,fork,2636778,137964,0,148660
1791360853,stock,2636207,58304,0,60272
1791360853,stock,2636249,140360,0,153908
1791360853,fork,2636777,6320,0,6320
1791360853,fork,2636778,138340,0,148660
1791360863,stock,2636207,58304,0,60272
1791360863,stock,2636249,140400,0,153908
1791360863,fork,2636777,6320,0,6320
1791360863,fork,2636778,137964,0,148660
1791360873,stock,2636207,58304,0,60272
1791360873,stock,2636249,140404,0,153908
1791360873,fork,2636777,6320,0,6320
1791360873,fork,2636778,137964,0,148660
1791360883,stock,2636207,58304,0,60272
1791360883,stock,2636249,140404,0,153908
1791360883,fork,2636777,6320,0,6320
1791360883,fork,2636778,138124,0,148660
1791360893,stock,2636207,58304,0,60272
1791360893,stock,2636249,140404,0,153908
1791360893,fork,2636777,6320,0,6320
1791360893,fork,2636778,138156,0,148660
1791360903,stock,2636207,58304,0,60272
1791360903,stock,2636249,140404,0,153908
1791360903,fork,2636777,6320,0,6320
1791360903,fork,2636778,138396,0,148660
1791360913,stock,2636207,58304,0,60272
1791360913,stock,2636249,140420,0,153908
1791360913,fork,2636777,6320,0,6320
1791360913,fork,2636778,138396,0,148660
1791360923,stock,2636207,58304,0,60272
1791360923,stock,2636249,140424,0,153908
1791360923,fork,2636777,6320,0,6320
1791360923,fork,2636778,138632,0,148660
1791360933,stock,2636207,58304,0,60272
1791360933,stock,2636249,138964,0,153908
1791360933,fork,2636777,6320,0,6320
1791360933,fork,2636778,139308,0,148660
1791360943,stock,2636207,58304,0,60272
1791360943,stock,2636249,139340,0,153908
1791360943,fork,2636777,6320,0,6320
1791360943,fork,2636778,139276,0,148660
1791360953,stock,2636207,58304,0,60272
1791360953,stock,2636249,138964,0,153908
1791360953,fork,2636777,6320,0,6320
1791360953,fork,2636778,139280,0,148660
1791360964,stock,2636207,58304,0,60272
1791360964,stock,2636249,140076,0,153908
1791360964,fork,2636777,6320,0,6320
1791360964,fork,2636778,149612,0,149612
1791360974,stock,2636207,58304,0,60272
1791360974,stock,2636249,140188,0,153908
1791360974,fork,2636777,6320,0,6320
1791360974,fork,2636778,149612,0,149612
1791360984,stock,2636207,58304,0,60272
1791360984,stock,2636249,140216,0,153908
1791360984,fork,2636777,6320,0,6320
1791360984,fork,2636778,138620,0,149304
1791360994,stock,2636207,58304,0,60272
1791360994,stock,2636249,140736,0,153908
1791360994,fork,2636777,6320,0,6320
1791360994,fork,2636778,138636,0,149304
1791361004,stock,2636207,58304,0,60272
1791361004,stock,2636249,140736,0,153908
1791361004,fork,2636777,6320,0,6320
1791361004,fork,2636778,139020,0,149304
1791361014,stock,2636207,58304,0,60272
1791361014,stock,2636249,141688,0,153908
1791361014,fork,2636777,6320,0,6320
1791361014,fork,2636778,139232,0,149304
1791361024,stock,2636207,58304,0,60272
1791361024,stock,2636249,141312,0,153908
1791361024,fork,2636777,6320,0,6320
1791361024,fork,2636778,139628,0,149304
1791361034,stock,2636207,58304,0,60272
1791361034,stock,2636249,141312,0,153908
1791361034,fork,2636777,6320,0,6320
1791361034,fork,2636778,139260,0,149304
1791361044,stock,2636207,58304,0,60272
1791361044,stock,2636249,141316,0,153908
1791361044,fork,2636777,6320,0,6320
1791361044,fork,2636778,139640,0,149304
1791361054,stock,2636207,58304,0,60272
1791361054,stock,2636249,141316,0,153908
1791361054,fork,2636777,6320,0,6320
1791361054,fork,2636778,139592,0,149304
1791361064,stock,2636207,58304,0,60272
1791361064,stock,2636249,141388,0,153908
1791361064,fork,2636777,6320,0,6320
1791361064,fork,2636778,139592,0,149304
1791361074,stock,2636207,58304,0,60272
1791361074,stock,2636249,141388,0,153908
1791361074,fork,2636777,6320,0,6320
1791361074,fork,2636778,139760,0,149304
1791361084,stock,2636207,58304,0,60272
1791361084,stock,2636249,141388,0,153908
1791361084,fork,2636777,6320,0,6320
1791361084,fork,2636778,139448,0,149304
1791361094,stock,2636207,58304,0,60272
1791361094,stock,2636249,141388,0,153908
1791361094,fork,2636777,6320,0,6320
1791361094,fork,2636778,140476,0,149304
1791361104,stock,2636207,58304,0,60272
1791361104,stock,2636249,141392,0,153908
1791361104,fork,2636777,6320,0,6320
1791361104,fork,2636778,140852,0,149304
1791361114,stock,2636207,58304,0,60272
1791361114,stock,2636249,141396,0,153908
1791361114,fork,2636777,6320,0,6320
1791361114,fork,2636778,140476,0,149304
1791361124,stock,2636207,58304,0,60272
1791361124,stock,2636249,141396,0,153908
1791361124,fork,2636777,6320,0,6320
1791361124,fork,2636778,140852,0,149304
1791361134,stock,2636207,58304,0,60272
1791361134,stock,2636249,141396,0,153908
1791361134,fork,2636777,6320,0,6320
1791361134,fork,2636778,140492,0,149304
1791361144,stock,2636207,58304,0,60272
1791361144,stock,2636249,141404,0,153908
1791361144,fork,2636777,6320,0,6320
1791361144,fork,2636778,140876,0,149304
1791361154,stock,2636207,58304,0,60272
1791361154,stock,2636249,141404,0,153908
1791361154,fork,2636777,6320,0,6320
1791361154,fork,2636778,140880,0,149304
1791361164,stock,2636207,58304,0,60272
1791361164,stock,2636249,141404,0,153908
1791361164,fork,2636777,6320,0,6320
1791361164,fork,2636778,140504,0,149304
1791361174,stock,2636207,58304,0,60272
1791361174,stock,2636249,141404,0,153908
1791361174,fork,2636777,6320,0,6320
1791361174,fork,2636778,140880,0,149304
1791361184,stock,2636207,58304,0,60272
1791361184,stock,2636249,141412,0,153908
1791361184,fork,2636777,6320,0,6320
1791361184,fork,2636778,140504,0,149304
1791361194,stock,2636207,58304,0,60272
1791361194,stock,2636249,141412,0,153908
1791361194,fork,2636777,6320,0,6320
1791361194,fork,2636778,141920,0,149304
1791361205,stock,2636207,58304,0,60272
1791361205,stock,2636249,141412,0,153908
1791361205,fork,2636777,6320,0,6320
1791361205,fork,2636778,141548,0,149304
1791361215,stock,2636207,58304,0,60272
1791361215,stock,2636249,141412,0,153908
1791361215,fork,2636777,6320,0,6320
1791361215,fork,2636778,141924,0,149304
1791361225,stock,2636207,58304,0,60272
1791361225,stock,2636249,141416,0,153908
1791361225,fork,2636777,6320,0,6320
1791361225,fork,2636778,141548,0,149304
1791361235,stock,2636207,58304,0,60272
1791361235,stock,2636249,141416,0,153908
1791361235,fork,2636777,6320,0,6320
1791361235,fork,2636778,141924,0,149304
1791361245,stock,2636207,58304,0,60272
1791361245,stock,2636249,141416,0,153908
1791361245,fork,2636777,6320,0,6320
1791361245,fork,2636778,141548,0,149304
1791361255,stock,2636207,58304,0,60272
1791361255,stock,2636249,141416,0,153908
1791361255,fork,2636777,6320,0,6320
1791361255,fork,2636778,141932,0,149304
1791361265,stock,2636207,58304,0,60272
1791361265,stock,2636249,141416,0,153908
1791361265,fork,2636777,6320,0,6320
1791361265,fork,2636778,141556,0,149304
1791361275,stock,2636207,58304,0,60272
1791361275,stock,2636249,139420,0,153908
1791361275,fork,2636777,6320,0,6320
1791361275,fork,2636778,141932,0,149304
1791361285,stock,2636207,58304,0,60272
1791361285,stock,2636249,139420,0,153908
1791361285,fork,2636777,6320,0,6320
1791361285,fork,2636778,141556,0,149304
1791361295,stock,2636207,58304,0,60272
1791361295,stock,2636249,139420,0,153908
1791361295,fork,2636777,6320,0,6320
1791361295,fork,2636778,141560,0,149304
1791361305,stock,2636207,58304,0,60272
1791361305,stock,2636249,139420,0,153908
1791361305,fork,2636777,6320,0,6320
1791361305,fork,2636778,150224,0,150224
1791361315,stock,2636207,58304,0,60272
1791361315,stock,2636249,139420,0,153908
1791361315,fork,2636777,6320,0,6320
1791361315,fork,2636778,150224,0,150224
1791361325,stock,2636207,58304,0,60272
1791361325,stock,2636249,139424,0,153908
1791361325,fork,2636777,6320,0,6320
1791361325,fork,2636778,150384,0,150384
1791361335,stock,2636207,58304,0,60272
1791361335,stock,2636249,139424,0,153908
1791361335,fork,2636777,6320,0,6320
1791361335,fork,2636778,150072,0,150404
1791361345,stock,2636207,58304,0,60272
1791361345,stock,2636249,139424,0,153908
1791361345,fork,2636777,6320,0,6320
1791361345,fork,2636778,150072,0,150404
1791361355,stock,2636207,58304,0,60272
1791361355,stock,2636249,139424,0,153908
1791361355,fork,2636777,6320,0,6320
1791361355,fork,2636778,150072,0,150404
1791361365,stock,2636207,58304,0,60272
1791361365,stock,2636249,139424,0,153908
1791361365,fork,2636777,6320,0,6320
1791361365,fork,2636778,150604,0,150604
1791361375,stock,2636207,58304,0,60272
1791361375,stock,2636249,139424,0,153908
1791361375,fork,2636777,6320,0,6320
1791361375,fork,2636778,150228,0,150404
1791361385,stock,2636207,58304,0,60272
1791361385,stock,2636249,140892,0,153908
1791361385,fork,2636777,6320,0,6320
1791361385,fork,2636778,139056,0,150404
DONE
